co,no,no2,o3,so2,pm2_5,pm10,nh3,name,latitude,longitude,temperature,humidity,wind_speed,roads_count,industrial_count,agriculture_count,dumps_count,timestamp,hour,day_of_week,month,pollution_source
0.0695377723477908,0.0,0.3400468384074941,0.1306990881458966,0.1369346733668341,0.355107115531752,0.6845637583892616,0.1339950372208437,Ahmedabad,23.0225,72.5714,0.7254901960784315,0.0681818181818181,0.1370262390670553,0.1463608854913202,0.2258064516129032,0.0,0.0,2025-10-12 15:28:10,0.0,0.0,0.0,Mixed/Other
0.4298513541030337,0.0,0.0,1.0,1.0,0.8316755929609794,1.0,0.0,Mumbai,19.076,72.8777,0.8568627450980397,0.8636363636363635,0.97667638483965,0.0199076286032807,0.6451612903225806,1.0,0.0,2025-10-12 15:24:29,0.0,0.0,0.0,Industrial
0.922113622480146,0.0,0.1316159250585479,0.6797516652654725,0.6394472361809045,1.0,0.9628223242670436,0.6873449131513647,Kolkata,22.5726,88.3639,0.435294117647059,0.9772727272727272,0.0,0.2368211498646281,1.0,0.0,0.0,2025-10-12 15:28:06,0.0,0.0,0.0,Industrial
0.3871411117898593,0.0,0.8168618266978923,0.0765052059755545,0.1652010050251255,0.0,0.0,1.0,Bengaluru,12.9716,77.5946,0.0,0.8636363636363635,0.4577259475218658,1.0,0.4838709677419355,0.0,0.0,2025-10-12 15:28:05,0.0,0.0,0.0,Mixed/Other
1.0,0.0,1.0,0.0644764922718748,0.1030150753768843,0.1789403213465952,0.2814376545390321,0.9367245657568236,Delhi,28.6139,77.209,1.0,0.0,0.574344023323615,0.2818920210224557,0.0,0.0,0.0,2025-10-12 15:28:03,0.0,0.0,0.0,Mixed/Other
0.7757585013235588,0.0,0.4571428571428571,0.2066869300911853,0.089824120603015,0.2397666411629687,0.1776757329565524,0.1699751861042183,Chennai,13.0827,80.2707,0.8000000000000007,1.0,1.0,0.2014652014652014,0.4516129032258064,0.0,1.0,2025-10-12 15:28:07,0.0,0.0,0.0,Mixed/Other
0.0886784768886173,0.0,0.4932084309133488,0.119575761495182,0.0270100502512563,0.2063886763580719,0.492317202401978,0.6898263027295285,Jaipur,26.9124,75.7873,0.0411764705882351,0.2954545454545454,0.3206997084548104,0.1673833412963847,0.064516129032258,0.0,0.0,2025-10-12 15:28:11,0.0,0.0,0.0,Mixed/Other
0.792862960700468,0.0,0.4857142857142856,0.0903446937851646,0.1608040201005025,0.2919854628921194,0.4462204168138467,0.9255583126550868,Lucknow,26.8467,80.9462,0.0392156862745096,0.4318181818181819,0.183673469387755,0.0,0.0967741935483871,0.5,0.0,2025-10-12 15:28:11,0.0,0.0,0.0,Mixed/Other
